team,entry,role,task,subtask,schedule,stat,N,result
0,0,GUIDE,SLU,speech_act,all,precision,5615,0.458771148709
0,0,GUIDE,SLU,speech_act,all,recall,10389,0.247954567331
0,0,GUIDE,SLU,speech_act,all,f1,13428,0.32191952012
0,0,GUIDE,SLU,speech_act,act,precision,5315,0.699341486359
0,0,GUIDE,SLU,speech_act,act,recall,8562,0.434127540294
0,0,GUIDE,SLU,speech_act,act,f1,10160,0.535706564819
0,0,GUIDE,SLU,semantic_tagged,detection,precision,7282,0.76201592969
0,0,GUIDE,SLU,semantic_tagged,detection,recall,10663,0.520397636688
0,0,GUIDE,SLU,semantic_tagged,detection,f1,12396,0.618445249373
0,0,GUIDE,SLU,semantic_tagged,all,precision,7282,0.46663004669
0,0,GUIDE,SLU,semantic_tagged,all,recall,10663,0.318672043515
0,0,GUIDE,SLU,semantic_tagged,all,f1,14547,0.378712733352
0,0,GUIDE,SLU,semantic_tagged,class,precision,7282,0.625652293326
0,0,GUIDE,SLU,semantic_tagged,class,recall,10663,0.427271874707
0,0,GUIDE,SLU,semantic_tagged,class,f1,13389,0.507773753135
0,0,TOURIST,SLU,speech_act,all,precision,2266,0.369373345102
0,0,TOURIST,SLU,speech_act,all,recall,4579,0.182791002402
0,0,TOURIST,SLU,speech_act,all,f1,6008,0.244558071585
0,0,TOURIST,SLU,speech_act,act,precision,2235,0.479642058166
0,0,TOURIST,SLU,speech_act,act,recall,4093,0.261910579037
0,0,TOURIST,SLU,speech_act,act,f1,5256,0.338811630847
0,0,TOURIST,SLU,semantic_tagged,detection,precision,1042,0.777351247601
0,0,TOURIST,SLU,semantic_tagged,detection,recall,2061,0.393013100437
0,0,TOURIST,SLU,semantic_tagged,detection,f1,2293,0.522075410893
0,0,TOURIST,SLU,semantic_tagged,all,precision,1042,0.525911708253
0,0,TOURIST,SLU,semantic_tagged,all,recall,2061,0.265890344493
0,0,TOURIST,SLU,semantic_tagged,all,f1,2555,0.353206574283
0,0,TOURIST,SLU,semantic_tagged,class,precision,1042,0.68330134357
0,0,TOURIST,SLU,semantic_tagged,class,recall,2061,0.345463367297
0,0,TOURIST,SLU,semantic_tagged,class,f1,2391,0.45891073155
2,0,GUIDE,SLU,speech_act,all,precision,7455,0.545003353454
2,0,GUIDE,SLU,speech_act,all,recall,10389,0.391086726345
2,0,GUIDE,SLU,speech_act,all,f1,13781,0.4553911679
2,0,GUIDE,SLU,speech_act,act,precision,7455,0.824279007378
2,0,GUIDE,SLU,speech_act,act,recall,8562,0.717706143424
2,0,GUIDE,SLU,speech_act,act,f1,9872,0.767309733408
2,0,GUIDE,SLU,semantic_tagged,detection,precision,7282,0.76201592969
2,0,GUIDE,SLU,semantic_tagged,detection,recall,10663,0.520397636688
2,0,GUIDE,SLU,semantic_tagged,detection,f1,12396,0.618445249373
2,0,GUIDE,SLU,semantic_tagged,all,precision,7282,0.46663004669
2,0,GUIDE,SLU,semantic_tagged,all,recall,10663,0.318672043515
2,0,GUIDE,SLU,semantic_tagged,all,f1,14547,0.378712733352
2,0,GUIDE,SLU,semantic_tagged,class,precision,7282,0.625652293326
2,0,GUIDE,SLU,semantic_tagged,class,recall,10663,0.427271874707
2,0,GUIDE,SLU,semantic_tagged,class,f1,13389,0.507773753135
2,0,TOURIST,SLU,speech_act,all,precision,5037,0.500099265436
2,0,TOURIST,SLU,speech_act,all,recall,4579,0.550120113562
2,0,TOURIST,SLU,speech_act,all,f1,7097,0.523918469218
2,0,TOURIST,SLU,speech_act,act,precision,4010,0.829925187032
2,0,TOURIST,SLU,speech_act,act,recall,4093,0.813095528952
2,0,TOURIST,SLU,speech_act,act,f1,4775,0.82142416389
2,0,TOURIST,SLU,semantic_tagged,detection,precision,1042,0.777351247601
2,0,TOURIST,SLU,semantic_tagged,detection,recall,2061,0.393013100437
2,0,TOURIST,SLU,semantic_tagged,detection,f1,2293,0.522075410893
2,0,TOURIST,SLU,semantic_tagged,all,precision,1042,0.525911708253
2,0,TOURIST,SLU,semantic_tagged,all,recall,2061,0.265890344493
2,0,TOURIST,SLU,semantic_tagged,all,f1,2555,0.353206574283
2,0,TOURIST,SLU,semantic_tagged,class,precision,1042,0.68330134357
2,0,TOURIST,SLU,semantic_tagged,class,recall,2061,0.345463367297
2,0,TOURIST,SLU,semantic_tagged,class,f1,2391,0.45891073155
2,1,GUIDE,SLU,speech_act,all,precision,7772,0.530494081318
2,1,GUIDE,SLU,speech_act,all,recall,10389,0.396862065646
2,1,GUIDE,SLU,speech_act,all,f1,14038,0.454049887121
2,1,GUIDE,SLU,speech_act,act,precision,7630,0.807994757536
2,1,GUIDE,SLU,speech_act,act,recall,8562,0.720042046251
2,1,GUIDE,SLU,speech_act,act,f1,10027,0.76148715415
2,1,GUIDE,SLU,semantic_tagged,detection,precision,7282,0.76201592969
2,1,GUIDE,SLU,semantic_tagged,detection,recall,10663,0.520397636688
2,1,GUIDE,SLU,semantic_tagged,detection,f1,12396,0.618445249373
2,1,GUIDE,SLU,semantic_tagged,all,precision,7282,0.46663004669
2,1,GUIDE,SLU,semantic_tagged,all,recall,10663,0.318672043515
2,1,GUIDE,SLU,semantic_tagged,all,f1,14547,0.378712733352
2,1,GUIDE,SLU,semantic_tagged,class,precision,7282,0.625652293326
2,1,GUIDE,SLU,semantic_tagged,class,recall,10663,0.427271874707
2,1,GUIDE,SLU,semantic_tagged,class,f1,13389,0.507773753135
2,1,TOURIST,SLU,speech_act,all,precision,4521,0.533067905331
2,1,TOURIST,SLU,speech_act,all,recall,4579,0.526315789474
2,1,TOURIST,SLU,speech_act,all,f1,6690,0.52967032967
2,1,TOURIST,SLU,speech_act,act,precision,3640,0.84478021978
2,1,TOURIST,SLU,speech_act,act,recall,4093,0.751282677742
2,1,TOURIST,SLU,speech_act,act,f1,4658,0.795292900556
2,1,TOURIST,SLU,semantic_tagged,detection,precision,1042,0.777351247601
2,1,TOURIST,SLU,semantic_tagged,detection,recall,2061,0.393013100437
2,1,TOURIST,SLU,semantic_tagged,detection,f1,2293,0.522075410893
2,1,TOURIST,SLU,semantic_tagged,all,precision,1042,0.525911708253
2,1,TOURIST,SLU,semantic_tagged,all,recall,2061,0.265890344493
2,1,TOURIST,SLU,semantic_tagged,all,f1,2555,0.353206574283
2,1,TOURIST,SLU,semantic_tagged,class,precision,1042,0.68330134357
2,1,TOURIST,SLU,semantic_tagged,class,recall,2061,0.345463367297
2,1,TOURIST,SLU,semantic_tagged,class,f1,2391,0.45891073155
2,2,GUIDE,SLU,speech_act,all,precision,7189,0.553345388788
2,2,GUIDE,SLU,speech_act,all,recall,10389,0.382904995668
2,2,GUIDE,SLU,speech_act,all,f1,13600,0.452611218569
2,2,GUIDE,SLU,speech_act,act,precision,7189,0.818472666574
2,2,GUIDE,SLU,speech_act,act,recall,8562,0.687222611539
2,2,GUIDE,SLU,speech_act,act,f1,9867,0.747127166529
2,2,GUIDE,SLU,semantic_tagged,detection,precision,7282,0.76201592969
2,2,GUIDE,SLU,semantic_tagged,detection,recall,10663,0.520397636688
2,2,GUIDE,SLU,semantic_tagged,detection,f1,12396,0.618445249373
2,2,GUIDE,SLU,semantic_tagged,all,precision,7282,0.46663004669
2,2,GUIDE,SLU,semantic_tagged,all,recall,10663,0.318672043515
2,2,GUIDE,SLU,semantic_tagged,all,f1,14547,0.378712733352
2,2,GUIDE,SLU,semantic_tagged,class,precision,7282,0.625652293326
2,2,GUIDE,SLU,semantic_tagged,class,recall,10663,0.427271874707
2,2,GUIDE,SLU,semantic_tagged,class,f1,13389,0.507773753135
2,2,TOURIST,SLU,speech_act,all,precision,4864,0.510690789474
2,2,TOURIST,SLU,speech_act,all,recall,4579,0.542476523258
2,2,TOURIST,SLU,speech_act,all,f1,6959,0.526103992375
2,2,TOURIST,SLU,speech_act,act,precision,4015,0.825155666252
2,2,TOURIST,SLU,speech_act,act,recall,4093,0.809430735402
2,2,TOURIST,SLU,speech_act,act,f1,4795,0.817217562901
2,2,TOURIST,SLU,semantic_tagged,detection,precision,1042,0.777351247601
2,2,TOURIST,SLU,semantic_tagged,detection,recall,2061,0.393013100437
2,2,TOURIST,SLU,semantic_tagged,detection,f1,2293,0.522075410893
2,2,TOURIST,SLU,semantic_tagged,all,precision,1042,0.525911708253
2,2,TOURIST,SLU,semantic_tagged,all,recall,2061,0.265890344493
2,2,TOURIST,SLU,semantic_tagged,all,f1,2555,0.353206574283
2,2,TOURIST,SLU,semantic_tagged,class,precision,1042,0.68330134357
2,2,TOURIST,SLU,semantic_tagged,class,recall,2061,0.345463367297
2,2,TOURIST,SLU,semantic_tagged,class,f1,2391,0.45891073155
2,3,GUIDE,SLU,speech_act,all,precision,8614,0.512653819364
2,3,GUIDE,SLU,speech_act,all,recall,10389,0.425064972567
2,3,GUIDE,SLU,speech_act,all,f1,14587,0.464768720728
2,3,GUIDE,SLU,speech_act,act,precision,8241,0.801965780852
2,3,GUIDE,SLU,speech_act,act,recall,8562,0.771899088998
2,3,GUIDE,SLU,speech_act,act,f1,10194,0.786645241921
2,3,GUIDE,SLU,semantic_tagged,detection,precision,7282,0.76201592969
2,3,GUIDE,SLU,semantic_tagged,detection,recall,10663,0.520397636688
2,3,GUIDE,SLU,semantic_tagged,detection,f1,12396,0.618445249373
2,3,GUIDE,SLU,semantic_tagged,all,precision,7282,0.46663004669
2,3,GUIDE,SLU,semantic_tagged,all,recall,10663,0.318672043515
2,3,GUIDE,SLU,semantic_tagged,all,f1,14547,0.378712733352
2,3,GUIDE,SLU,semantic_tagged,class,precision,7282,0.625652293326
2,3,GUIDE,SLU,semantic_tagged,class,recall,10663,0.427271874707
2,3,GUIDE,SLU,semantic_tagged,class,f1,13389,0.507773753135
2,3,TOURIST,SLU,speech_act,all,precision,4084,0.560479921645
2,3,TOURIST,SLU,speech_act,all,recall,4579,0.499890805853
2,3,TOURIST,SLU,speech_act,all,f1,6374,0.528454346069
2,3,TOURIST,SLU,speech_act,act,precision,3577,0.840089460442
2,3,TOURIST,SLU,speech_act,act,recall,4093,0.734180307843
2,3,TOURIST,SLU,speech_act,act,f1,4665,0.783572359844
2,3,TOURIST,SLU,semantic_tagged,detection,precision,1042,0.777351247601
2,3,TOURIST,SLU,semantic_tagged,detection,recall,2061,0.393013100437
2,3,TOURIST,SLU,semantic_tagged,detection,f1,2293,0.522075410893
2,3,TOURIST,SLU,semantic_tagged,all,precision,1042,0.525911708253
2,3,TOURIST,SLU,semantic_tagged,all,recall,2061,0.265890344493
2,3,TOURIST,SLU,semantic_tagged,all,f1,2555,0.353206574283
2,3,TOURIST,SLU,semantic_tagged,class,precision,1042,0.68330134357
2,3,TOURIST,SLU,semantic_tagged,class,recall,2061,0.345463367297
2,3,TOURIST,SLU,semantic_tagged,class,f1,2391,0.45891073155
3,0,GUIDE,SLU,speech_act,all,precision,8698,0.427914463095
3,0,GUIDE,SLU,speech_act,all,recall,10389,0.358263547983
3,0,GUIDE,SLU,speech_act,all,f1,15365,0.390003667418
3,0,GUIDE,SLU,speech_act,act,precision,8590,0.7075669383
3,0,GUIDE,SLU,speech_act,act,recall,8562,0.709880868956
3,0,GUIDE,SLU,speech_act,act,f1,11074,0.708722014925
3,0,GUIDE,SLU,semantic_tagged,detection,precision,7296,0.760690789474
3,0,GUIDE,SLU,semantic_tagged,detection,recall,10663,0.520491418925
3,0,GUIDE,SLU,semantic_tagged,detection,f1,12409,0.618074503035
3,0,GUIDE,SLU,semantic_tagged,all,precision,7296,0.465049342105
3,0,GUIDE,SLU,semantic_tagged,all,recall,10663,0.318203132327
3,0,GUIDE,SLU,semantic_tagged,all,f1,14566,0.377860682666
3,0,GUIDE,SLU,semantic_tagged,class,precision,7296,0.624588815789
3,0,GUIDE,SLU,semantic_tagged,class,recall,10663,0.427365656945
3,0,GUIDE,SLU,semantic_tagged,class,f1,13402,0.50748928114
3,0,TOURIST,SLU,speech_act,all,precision,4230,0.459101654846
3,0,TOURIST,SLU,speech_act,all,recall,4579,0.4241100677
3,0,TOURIST,SLU,speech_act,all,f1,6867,0.440912702917
3,0,TOURIST,SLU,speech_act,act,precision,4114,0.710500729217
3,0,TOURIST,SLU,speech_act,act,recall,4093,0.714146103103
3,0,TOURIST,SLU,speech_act,act,f1,5284,0.712318752285
3,0,TOURIST,SLU,semantic_tagged,detection,precision,1013,0.794669299112
3,0,TOURIST,SLU,semantic_tagged,detection,recall,2061,0.390587093644
3,0,TOURIST,SLU,semantic_tagged,detection,f1,2269,0.523747560182
3,0,TOURIST,SLU,semantic_tagged,all,precision,1013,0.533070088845
3,0,TOURIST,SLU,semantic_tagged,all,recall,2061,0.262008733624
3,0,TOURIST,SLU,semantic_tagged,all,f1,2534,0.351333767079
3,0,TOURIST,SLU,semantic_tagged,class,precision,1013,0.699901283317
3,0,TOURIST,SLU,semantic_tagged,class,recall,2061,0.344007763222
3,0,TOURIST,SLU,semantic_tagged,class,f1,2365,0.461288223813
3,1,GUIDE,SLU,speech_act,all,precision,8701,0.433973106539
3,1,GUIDE,SLU,speech_act,all,recall,10389,0.363461353355
3,1,GUIDE,SLU,speech_act,all,f1,15314,0.395599790466
3,1,GUIDE,SLU,speech_act,act,precision,8576,0.692747201493
3,1,GUIDE,SLU,speech_act,act,recall,8562,0.693879934595
3,1,GUIDE,SLU,speech_act,act,f1,11197,0.69331310538
3,1,GUIDE,SLU,semantic_tagged,detection,precision,7296,0.760690789474
3,1,GUIDE,SLU,semantic_tagged,detection,recall,10663,0.520491418925
3,1,GUIDE,SLU,semantic_tagged,detection,f1,12409,0.618074503035
3,1,GUIDE,SLU,semantic_tagged,all,precision,7296,0.465049342105
3,1,GUIDE,SLU,semantic_tagged,all,recall,10663,0.318203132327
3,1,GUIDE,SLU,semantic_tagged,all,f1,14566,0.377860682666
3,1,GUIDE,SLU,semantic_tagged,class,precision,7296,0.624588815789
3,1,GUIDE,SLU,semantic_tagged,class,recall,10663,0.427365656945
3,1,GUIDE,SLU,semantic_tagged,class,f1,13402,0.50748928114
3,1,TOURIST,SLU,speech_act,all,precision,4193,0.449797281183
3,1,TOURIST,SLU,speech_act,all,recall,4579,0.411880323215
3,1,TOURIST,SLU,speech_act,all,f1,6886,0.430004559964
3,1,TOURIST,SLU,speech_act,act,precision,4100,0.706341463415
3,1,TOURIST,SLU,speech_act,act,recall,4093,0.707549474713
3,1,TOURIST,SLU,speech_act,act,f1,5297,0.706944953009
3,1,TOURIST,SLU,semantic_tagged,detection,precision,1013,0.794669299112
3,1,TOURIST,SLU,semantic_tagged,detection,recall,2061,0.390587093644
3,1,TOURIST,SLU,semantic_tagged,detection,f1,2269,0.523747560182
3,1,TOURIST,SLU,semantic_tagged,all,precision,1013,0.533070088845
3,1,TOURIST,SLU,semantic_tagged,all,recall,2061,0.262008733624
3,1,TOURIST,SLU,semantic_tagged,all,f1,2534,0.351333767079
3,1,TOURIST,SLU,semantic_tagged,class,precision,1013,0.699901283317
3,1,TOURIST,SLU,semantic_tagged,class,recall,2061,0.344007763222
3,1,TOURIST,SLU,semantic_tagged,class,f1,2365,0.461288223813
5,0,GUIDE,SLU,speech_act,all,precision,8555,0.408533021625
5,0,GUIDE,SLU,speech_act,all,recall,10389,0.336413514294
5,0,GUIDE,SLU,speech_act,all,f1,15449,0.368982263514
5,0,GUIDE,SLU,speech_act,act,precision,8555,0.725774400935
5,0,GUIDE,SLU,speech_act,act,recall,8562,0.725181032469
5,0,GUIDE,SLU,speech_act,act,f1,10908,0.725477595373
5,0,GUIDE,SLU,semantic_tagged,detection,precision,6227,0.759595310744
5,0,GUIDE,SLU,semantic_tagged,detection,recall,10663,0.443589984057
5,0,GUIDE,SLU,semantic_tagged,detection,f1,12160,0.56009473061
5,0,GUIDE,SLU,semantic_tagged,all,precision,6227,0.500562068412
5,0,GUIDE,SLU,semantic_tagged,all,recall,10663,0.292319234737
5,0,GUIDE,SLU,semantic_tagged,all,f1,13773,0.369094138544
5,0,GUIDE,SLU,semantic_tagged,class,precision,6227,0.66452545367
5,0,GUIDE,SLU,semantic_tagged,class,recall,10663,0.388070899372
5,0,GUIDE,SLU,semantic_tagged,class,f1,12752,0.489994079337
5,0,TOURIST,SLU,speech_act,all,precision,4085,0.502570379437
5,0,TOURIST,SLU,speech_act,all,recall,4579,0.448351168377
5,0,TOURIST,SLU,speech_act,all,f1,6611,0.473915050785
5,0,TOURIST,SLU,speech_act,act,precision,4085,0.799020807834
5,0,TOURIST,SLU,speech_act,act,recall,4093,0.797459076472
5,0,TOURIST,SLU,speech_act,act,f1,4914,0.798239178283
5,0,TOURIST,SLU,semantic_tagged,detection,precision,1261,0.739888977002
5,0,TOURIST,SLU,semantic_tagged,detection,recall,2061,0.45269286754
5,0,TOURIST,SLU,semantic_tagged,detection,f1,2389,0.561709813365
5,0,TOURIST,SLU,semantic_tagged,all,precision,1261,0.508326724822
5,0,TOURIST,SLU,semantic_tagged,all,recall,2061,0.311014070839
5,0,TOURIST,SLU,semantic_tagged,all,f1,2681,0.385912101144
5,0,TOURIST,SLU,semantic_tagged,class,precision,1261,0.661379857256
5,0,TOURIST,SLU,semantic_tagged,class,recall,2061,0.404657933042
5,0,TOURIST,SLU,semantic_tagged,class,f1,2488,0.502107164359
5,1,GUIDE,SLU,speech_act,all,precision,8555,0.390531852718
5,1,GUIDE,SLU,speech_act,all,recall,10389,0.321590143421
5,1,GUIDE,SLU,speech_act,all,f1,15603,0.352723817568
5,1,GUIDE,SLU,speech_act,act,precision,8555,0.726125073057
5,1,GUIDE,SLU,speech_act,act,recall,8562,0.725531417893
5,1,GUIDE,SLU,speech_act,act,f1,10905,0.725828124087
5,1,GUIDE,SLU,semantic_tagged,detection,precision,3692,0.856717226436
5,1,GUIDE,SLU,semantic_tagged,detection,recall,10663,0.296633217669
5,1,GUIDE,SLU,semantic_tagged,detection,f1,11192,0.440682688959
5,1,GUIDE,SLU,semantic_tagged,all,precision,3692,0.546858071506
5,1,GUIDE,SLU,semantic_tagged,all,recall,10663,0.189346337804
5,1,GUIDE,SLU,semantic_tagged,all,f1,12336,0.281295715778
5,1,GUIDE,SLU,semantic_tagged,class,precision,3692,0.728331527627
5,1,GUIDE,SLU,semantic_tagged,class,recall,10663,0.252180437025
5,1,GUIDE,SLU,semantic_tagged,class,f1,11666,0.37464298154
5,1,TOURIST,SLU,speech_act,all,precision,4085,0.451897184823
5,1,TOURIST,SLU,speech_act,all,recall,4579,0.403144791439
5,1,TOURIST,SLU,speech_act,all,f1,6818,0.426131117267
5,1,TOURIST,SLU,speech_act,act,precision,4085,0.799020807834
5,1,TOURIST,SLU,speech_act,act,recall,4093,0.797459076472
5,1,TOURIST,SLU,speech_act,act,f1,4914,0.798239178283
5,1,TOURIST,SLU,semantic_tagged,detection,precision,1240,0.749193548387
5,1,TOURIST,SLU,semantic_tagged,detection,recall,2061,0.450752062106
5,1,TOURIST,SLU,semantic_tagged,detection,f1,2372,0.562859739473
5,1,TOURIST,SLU,semantic_tagged,all,precision,1240,0.512096774194
5,1,TOURIST,SLU,semantic_tagged,all,recall,2061,0.308102862688
5,1,TOURIST,SLU,semantic_tagged,all,f1,2666,0.384731899424
5,1,TOURIST,SLU,semantic_tagged,class,precision,1240,0.671774193548
5,1,TOURIST,SLU,semantic_tagged,class,recall,2061,0.404172731684
5,1,TOURIST,SLU,semantic_tagged,class,f1,2468,0.504695546804
5,2,GUIDE,SLU,speech_act,all,precision,8555,0.463939216832
5,2,GUIDE,SLU,speech_act,all,recall,10389,0.382038694773
5,2,GUIDE,SLU,speech_act,all,f1,14975,0.419024493243
5,2,GUIDE,SLU,speech_act,act,precision,8555,0.718877849211
5,2,GUIDE,SLU,speech_act,act,recall,8562,0.718290119131
5,2,GUIDE,SLU,speech_act,act,f1,10967,0.718583863995
5,2,GUIDE,SLU,semantic_tagged,detection,precision,7381,0.624983064625
5,2,GUIDE,SLU,semantic_tagged,detection,recall,10663,0.432617462253
5,2,GUIDE,SLU,semantic_tagged,detection,f1,13431,0.511305697185
5,2,GUIDE,SLU,semantic_tagged,all,precision,7381,0.357675111773
5,2,GUIDE,SLU,semantic_tagged,all,recall,10663,0.247585107381
5,2,GUIDE,SLU,semantic_tagged,all,f1,15404,0.292618044779
5,2,GUIDE,SLU,semantic_tagged,class,precision,7381,0.522557918981
5,2,GUIDE,SLU,semantic_tagged,class,recall,10663,0.361718090594
5,2,GUIDE,SLU,semantic_tagged,class,f1,14187,0.427510529816
5,2,TOURIST,SLU,speech_act,all,precision,4085,0.491554467564
5,2,TOURIST,SLU,speech_act,all,recall,4579,0.43852369513
5,2,TOURIST,SLU,speech_act,all,f1,6656,0.463527239151
5,2,TOURIST,SLU,speech_act,act,precision,4085,0.778702570379
5,2,TOURIST,SLU,speech_act,act,recall,4093,0.777180552162
5,2,TOURIST,SLU,speech_act,act,f1,4997,0.777940816826
5,2,TOURIST,SLU,semantic_tagged,detection,precision,1521,0.540433925049
5,2,TOURIST,SLU,semantic_tagged,detection,recall,2061,0.398835516739
5,2,TOURIST,SLU,semantic_tagged,detection,f1,2760,0.458961474037
5,2,TOURIST,SLU,semantic_tagged,all,precision,1521,0.303090072321
5,2,TOURIST,SLU,semantic_tagged,all,recall,2061,0.223677826298
5,2,TOURIST,SLU,semantic_tagged,all,f1,3121,0.257398101619
5,2,TOURIST,SLU,semantic_tagged,class,precision,1521,0.438527284681
5,2,TOURIST,SLU,semantic_tagged,class,recall,2061,0.323629306162
5,2,TOURIST,SLU,semantic_tagged,class,f1,2915,0.372417643774
5,3,GUIDE,SLU,speech_act,all,precision,8555,0.454003506721
5,3,GUIDE,SLU,speech_act,all,recall,10389,0.373856964097
5,3,GUIDE,SLU,speech_act,all,f1,15060,0.410050675676
5,3,GUIDE,SLU,speech_act,act,precision,8555,0.724488603156
5,3,GUIDE,SLU,speech_act,act,recall,8562,0.723896285915
5,3,GUIDE,SLU,speech_act,act,f1,10919,0.724192323421
5,3,GUIDE,SLU,semantic_tagged,detection,precision,7772,0.617086978899
5,3,GUIDE,SLU,semantic_tagged,detection,recall,10663,0.449779611742
5,3,GUIDE,SLU,semantic_tagged,detection,f1,13639,0.520314618931
5,3,GUIDE,SLU,semantic_tagged,all,precision,7772,0.34855892949
5,3,GUIDE,SLU,semantic_tagged,all,recall,10663,0.254056081778
5,3,GUIDE,SLU,semantic_tagged,all,f1,15726,0.293897477624
5,3,GUIDE,SLU,semantic_tagged,class,precision,7772,0.504374678332
5,3,GUIDE,SLU,semantic_tagged,class,recall,10663,0.367626371565
5,3,GUIDE,SLU,semantic_tagged,class,f1,14515,0.425278003797
5,3,TOURIST,SLU,speech_act,all,precision,4085,0.487148102815
5,3,TOURIST,SLU,speech_act,all,recall,4579,0.434592705831
5,3,TOURIST,SLU,speech_act,all,f1,6674,0.459372114497
5,3,TOURIST,SLU,speech_act,act,precision,4085,0.778947368421
5,3,TOURIST,SLU,speech_act,act,recall,4093,0.777424871732
5,3,TOURIST,SLU,speech_act,act,f1,4996,0.778185375397
5,3,TOURIST,SLU,semantic_tagged,detection,precision,1511,0.551290536069
5,3,TOURIST,SLU,semantic_tagged,detection,recall,2061,0.404172731684
5,3,TOURIST,SLU,semantic_tagged,detection,f1,2739,0.46640537514
5,3,TOURIST,SLU,semantic_tagged,all,precision,1511,0.293183322303
5,3,TOURIST,SLU,semantic_tagged,all,recall,2061,0.214944201844
5,3,TOURIST,SLU,semantic_tagged,all,f1,3129,0.24804031355
5,3,TOURIST,SLU,semantic_tagged,class,precision,1511,0.422236929186
5,3,TOURIST,SLU,semantic_tagged,class,recall,2061,0.309558466764
5,3,TOURIST,SLU,semantic_tagged,class,f1,2934,0.357222844345
5,4,GUIDE,SLU,speech_act,all,precision,8555,0.445938047925
5,4,GUIDE,SLU,speech_act,all,recall,10389,0.3672153239
5,4,GUIDE,SLU,speech_act,all,f1,15129,0.402766047297
5,4,GUIDE,SLU,speech_act,act,precision,8555,0.72390414962
5,4,GUIDE,SLU,speech_act,act,recall,8562,0.723312310208
5,4,GUIDE,SLU,speech_act,act,f1,10924,0.723608108898
5,4,GUIDE,SLU,semantic_tagged,detection,precision,6630,0.581297134238
5,4,GUIDE,SLU,semantic_tagged,detection,recall,10663,0.361436743881
5,4,GUIDE,SLU,semantic_tagged,detection,f1,13439,0.445729485919
5,4,GUIDE,SLU,semantic_tagged,all,precision,6630,0.3395173454
5,4,GUIDE,SLU,semantic_tagged,all,recall,10663,0.211103816937
5,4,GUIDE,SLU,semantic_tagged,all,f1,15042,0.260336552362
5,4,GUIDE,SLU,semantic_tagged,class,precision,6630,0.494419306184
5,4,GUIDE,SLU,semantic_tagged,class,recall,10663,0.307418174998
5,4,GUIDE,SLU,semantic_tagged,class,f1,14015,0.37911293587
5,4,TOURIST,SLU,speech_act,all,precision,4085,0.498408812729
5,4,TOURIST,SLU,speech_act,all,recall,4579,0.444638567373
5,4,TOURIST,SLU,speech_act,all,f1,6628,0.46999076639
5,4,TOURIST,SLU,speech_act,act,precision,4085,0.785556915545
5,4,TOURIST,SLU,speech_act,act,recall,4093,0.784021500122
5,4,TOURIST,SLU,speech_act,act,f1,4969,0.784788456835
5,4,TOURIST,SLU,semantic_tagged,detection,precision,1449,0.505175983437
5,4,TOURIST,SLU,semantic_tagged,detection,recall,2061,0.355167394469
5,4,TOURIST,SLU,semantic_tagged,detection,f1,2778,0.417094017094
5,4,TOURIST,SLU,semantic_tagged,all,precision,1449,0.294685990338
5,4,TOURIST,SLU,semantic_tagged,all,recall,2061,0.207180980107
5,4,TOURIST,SLU,semantic_tagged,all,f1,3083,0.243304843305
5,4,TOURIST,SLU,semantic_tagged,class,precision,1449,0.414078674948
5,4,TOURIST,SLU,semantic_tagged,class,recall,2061,0.291120815138
5,4,TOURIST,SLU,semantic_tagged,class,f1,2910,0.34188034188
7,0,GUIDE,SLU,speech_act,all,precision,6175,0.500728744939
7,0,GUIDE,SLU,speech_act,all,recall,10389,0.297622485321
7,0,GUIDE,SLU,speech_act,all,f1,13472,0.373339773002
7,0,GUIDE,SLU,speech_act,act,precision,6040,0.729801324503
7,0,GUIDE,SLU,speech_act,act,recall,8562,0.514832982948
7,0,GUIDE,SLU,speech_act,act,f1,10194,0.60375291056
7,0,GUIDE,SLU,semantic_tagged,detection,precision,7772,0.735203293875
7,0,GUIDE,SLU,semantic_tagged,detection,recall,10663,0.535871705899
7,0,GUIDE,SLU,semantic_tagged,detection,f1,12721,0.619907784106
7,0,GUIDE,SLU,semantic_tagged,all,precision,7772,0.440041173443
7,0,GUIDE,SLU,semantic_tagged,all,recall,10663,0.320735252743
7,0,GUIDE,SLU,semantic_tagged,all,f1,15015,0.371033360456
7,0,GUIDE,SLU,semantic_tagged,class,precision,7772,0.591353576943
7,0,GUIDE,SLU,semantic_tagged,class,recall,10663,0.431023164213
7,0,GUIDE,SLU,semantic_tagged,class,f1,13839,0.498616761595
7,0,TOURIST,SLU,speech_act,all,precision,3747,0.507872965039
7,0,TOURIST,SLU,speech_act,all,recall,4579,0.415592924219
7,0,TOURIST,SLU,speech_act,all,f1,6423,0.457122267595
7,0,TOURIST,SLU,speech_act,act,precision,3705,0.648043184885
7,0,TOURIST,SLU,speech_act,act,recall,4093,0.586611287564
7,0,TOURIST,SLU,speech_act,act,f1,5397,0.615798922801
7,0,TOURIST,SLU,semantic_tagged,detection,precision,1368,0.68567251462
7,0,TOURIST,SLU,semantic_tagged,detection,recall,2061,0.455118874333
7,0,TOURIST,SLU,semantic_tagged,detection,f1,2491,0.547098279382
7,0,TOURIST,SLU,semantic_tagged,all,precision,1368,0.440789473684
7,0,TOURIST,SLU,semantic_tagged,all,recall,2061,0.292576419214
7,0,TOURIST,SLU,semantic_tagged,all,f1,2826,0.351706036745
7,0,TOURIST,SLU,semantic_tagged,class,precision,1368,0.563596491228
7,0,TOURIST,SLU,semantic_tagged,class,recall,2061,0.374090247453
7,0,TOURIST,SLU,semantic_tagged,class,f1,2658,0.449693788276
